date,stage,market_ok,selected_codes,note
2026-09-10,tail,False,,No approved Yang Yongxing-style candidates yet.; candidate date None does not equal Beijing trade date 2026-09-10; skipped
2026-09-10,morning,,,No open positions
2026-09-10,tail,False,,"自动筛选行情接口失败：ConnectionError: ('Connection aborted.', RemoteDisconnected('Remote end closed connection without response')); market filter not approved; skipped"
2026-09-10,tail,False,,"自动筛选行情接口连续3次失败：第1次：ConnectionError: ('Connection aborted.', RemoteDisconnected('Remote end closed connection without response')) | 第2次：ConnectionError: ('Connection aborted.', RemoteDisconnected('Remote end closed connection without response')) | 第3次：ConnectionError: ('Connection aborted.', RemoteDisconnected('Remote end closed connection without response')); market filter not approved; skipped"
2026-09-11,morning,,,No open positions
2026-09-11,tail,False,,"自动筛选行情接口连续3次失败：第1次：ConnectionError: ('Connection aborted.', RemoteDisconnected('Remote end closed connection without response')) | 第2次：ConnectionError: ('Connection aborted.', RemoteDisconnected('Remote end closed connection without response')) | 第3次：ConnectionError: ('Connection aborted.', RemoteDisconnected('Remote end closed connection without response')); market filter not approved; skipped"
2026-09-14,morning,,,No open positions
2026-09-14,tail,False,,"自动筛选行情接口连续3次失败：第1次：ConnectionError: ('Connection aborted.', RemoteDisconnected('Remote end closed connection without response')) | 第2次：ConnectionError: ('Connection aborted.', RemoteDisconnected('Remote end closed connection without response')) | 第3次：ConnectionError: ('Connection aborted.', RemoteDisconnected('Remote end closed connection without response')); market filter not approved; skipped"
2026-09-15,morning,,,No open positions
2026-09-15,tail,False,,"自动筛选行情接口连续3次失败：第1次：ConnectionError: ('Connection aborted.', RemoteDisconnected('Remote end closed connection without response')) | 第2次：ConnectionError: ('Connection aborted.', RemoteDisconnected('Remote end closed connection without response')) | 第3次：ConnectionError: ('Connection aborted.', RemoteDisconnected('Remote end closed connection without response')); market filter not approved; skipped"
2026-09-16,morning,,,No open positions
2026-09-16,tail,False,,"自动筛选行情接口连续3次失败：第1次：ConnectionError: ('Connection aborted.', RemoteDisconnected('Remote end closed connection without response')) | 第2次：ConnectionError: ('Connection aborted.', RemoteDisconnected('Remote end closed connection without response')) | 第3次：ConnectionError: ('Connection aborted.', RemoteDisconnected('Remote end closed connection without response')); market filter not approved; skipped"
2026-09-17,morning,,,No open positions
2026-09-17,tail,False,,"自动筛选行情接口连续3次失败：第1次：ConnectionError: ('Connection aborted.', RemoteDisconnected('Remote end closed connection without response')) | 第2次：ConnectionError: ('Connection aborted.', RemoteDisconnected('Remote end closed connection without response')) | 第3次：ConnectionError: ('Connection aborted.', RemoteDisconnected('Remote end closed connection without response')); market filter not approved; skipped"
2026-09-18,morning,,,No open positions
2026-09-18,tail,False,,"自动筛选行情接口连续3次失败：第1次：ConnectionError: ('Connection aborted.', RemoteDisconnected('Remote end closed connection without response')) | 第2次：ConnectionError: ('Connection aborted.', RemoteDisconnected('Remote end closed connection without response')) | 第3次：ConnectionError: ('Connection aborted.', RemoteDisconnected('Remote end closed connection without response')); market filter not approved; skipped"
2026-09-21,morning,,,No open positions
2026-09-21,tail,False,,"自动筛选行情接口连续3次失败：第1次：ConnectionError: ('Connection aborted.', RemoteDisconnected('Remote end closed connection without response')) | 第2次：ConnectionError: ('Connection aborted.', RemoteDisconnected('Remote end closed connection without response')) | 第3次：ConnectionError: ('Connection aborted.', RemoteDisconnected('Remote end closed connection without response')); market filter not approved; skipped"
2026-09-22,morning,,,No open positions
2026-09-22,tail,False,,"自动筛选行情接口连续3次失败：第1次：ConnectionError: ('Connection aborted.', RemoteDisconnected('Remote end closed connection without response')) | 第2次：ConnectionError: ('Connection aborted.', RemoteDisconnected('Remote end closed connection without response')) | 第3次：ConnectionError: ('Connection aborted.', RemoteDisconnected('Remote end closed connection without response')); candidate date '2026-09-21' does not equal Beijing trade date 2026-09-22; skipped"
2026-09-23,morning,,,No open positions
2026-09-23,tail,False,,"自动筛选行情接口连续3次失败：第1次：ConnectionError: ('Connection aborted.', RemoteDisconnected('Remote end closed connection without response')) | 第2次：ConnectionError: ('Connection aborted.', RemoteDisconnected('Remote end closed connection without response')) | 第3次：ConnectionError: ('Connection aborted.', RemoteDisconnected('Remote end closed connection without response')); market filter not approved; skipped"
2026-09-24,morning,,,No open positions
2026-09-24,tail,False,,"自动筛选行情接口连续3次失败：第1次：ConnectionError: ('Connection aborted.', RemoteDisconnected('Remote end closed connection without response')) | 第2次：ConnectionError: ('Connection aborted.', RemoteDisconnected('Remote end closed connection without response')) | 第3次：ConnectionError: ('Connection aborted.', RemoteDisconnected('Remote end closed connection without response')); market filter not approved; skipped"
2026-09-25,morning,,,No open positions
2026-09-25,tail,False,,"自动筛选行情接口连续3次失败：第1次：ConnectionError: ('Connection aborted.', RemoteDisconnected('Remote end closed connection without response')) | 第2次：ConnectionError: ('Connection aborted.', RemoteDisconnected('Remote end closed connection without response')) | 第3次：ConnectionError: ('Connection aborted.', RemoteDisconnected('Remote end closed connection without response')); market filter not approved; skipped"
2026-09-28,morning,,,No open positions
2026-09-28,tail,False,,"自动筛选行情接口连续3次失败：第1次：ConnectionError: ('Connection aborted.', RemoteDisconnected('Remote end closed connection without response')) | 第2次：ConnectionError: ('Connection aborted.', RemoteDisconnected('Remote end closed connection without response')) | 第3次：ConnectionError: ('Connection aborted.', RemoteDisconnected('Remote end closed connection without response')); market filter not approved; skipped"
2026-09-29,morning,,,No open positions
2026-09-29,tail,False,,"自动筛选行情接口连续3次失败：第1次：ConnectionError: ('Connection aborted.', RemoteDisconnected('Remote end closed connection without response')) | 第2次：ConnectionError: ('Connection aborted.', RemoteDisconnected('Remote end closed connection without response')) | 第3次：ConnectionError: ('Connection aborted.', RemoteDisconnected('Remote end closed connection without response')); market filter not approved; skipped"
2026-09-30,morning,,,No open positions
2026-09-30,tail,False,,"自动筛选行情接口连续3次失败：第1次：ConnectionError: ('Connection aborted.', RemoteDisconnected('Remote end closed connection without response')) | 第2次：ConnectionError: ('Connection aborted.', RemoteDisconnected('Remote end closed connection without response')) | 第3次：ConnectionError: ('Connection aborted.', RemoteDisconnected('Remote end closed connection without response')); market filter not approved; skipped"
2026-10-01,morning,,,No open positions
2026-10-01,tail,False,,"自动筛选行情接口连续3次失败：第1次：ConnectionError: ('Connection aborted.', RemoteDisconnected('Remote end closed connection without response')) | 第2次：ConnectionError: ('Connection aborted.', RemoteDisconnected('Remote end closed connection without response')) | 第3次：ConnectionError: ('Connection aborted.', RemoteDisconnected('Remote end closed connection without response')); market filter not approved; skipped"
2026-10-02,morning,,,No open positions
2026-10-02,tail,False,,"自动筛选行情接口连续3次失败：第1次：ConnectionError: ('Connection aborted.', RemoteDisconnected('Remote end closed connection without response')) | 第2次：ConnectionError: ('Connection aborted.', RemoteDisconnected('Remote end closed connection without response')) | 第3次：ConnectionError: ('Connection aborted.', RemoteDisconnected('Remote end closed connection without response')); market filter not approved; skipped"
2026-10-05,morning,,,No open positions
2026-10-05,tail,False,,"自动筛选行情接口连续3次失败：第1次：ConnectionError: ('Connection aborted.', RemoteDisconnected('Remote end closed connection without response')) | 第2次：ConnectionError: ('Connection aborted.', RemoteDisconnected('Remote end closed connection without response')) | 第3次：ConnectionError: ('Connection aborted.', RemoteDisconnected('Remote end closed connection without response')); market filter not approved; skipped"
2026-10-06,morning,,,No open positions
2026-10-06,tail,False,,"自动筛选行情接口连续3次失败：第1次：ConnectionError: ('Connection aborted.', RemoteDisconnected('Remote end closed connection without response')) | 第2次：ConnectionError: ('Connection aborted.', RemoteDisconnected('Remote end closed connection without response')) | 第3次：ConnectionError: ('Connection aborted.', RemoteDisconnected('Remote end closed connection without response')); market filter not approved; skipped"
2026-10-07,morning,,,No open positions
2026-10-07,tail,False,,"自动筛选行情接口连续3次失败：第1次：ConnectionError: ('Connection aborted.', RemoteDisconnected('Remote end closed connection without response')) | 第2次：ConnectionError: ('Connection aborted.', RemoteDisconnected('Remote end closed connection without response')) | 第3次：ConnectionError: ('Connection aborted.', RemoteDisconnected('Remote end closed connection without response')); market filter not approved; skipped"
2026-10-08,tail,False,,"自动筛选行情接口连续3次失败：第1次：ConnectionError: ('Connection aborted.', RemoteDisconnected('Remote end closed connection without response')) | 第2次：ConnectionError: ('Connection aborted.', RemoteDisconnected('Remote end closed connection without response')) | 第3次：ConnectionError: ('Connection aborted.', RemoteDisconnected('Remote end closed connection without response')); market filter not approved; skipped"
